NC_ID,NatureCode,Parent_Question_ID,Question_ID,Question_Text,Allowed_Alternatives,Condition,Condition_Type,Age_Min_F,Age_Min_M,Clarification_Allowed,Macros,EIDS_Flag,Situation,ECHO_Level,ECHO_Number,ECHO_Letter,ECHO_response,Scenario/Condition
0,Case Entry,,1,What’s the location of the emergency?,,,,,,1,,,,,,,,
0,Case Entry,1,1a,Was the address / location confirmed / verified,,,,,,,,,,,,,,
0,Case Entry,1,1b,Was the 911 CAD Dump used to build the call?,,,,,,,,,,,,,,
0,Case Entry,,2,What's the phone number you're calling from?,,,,,,,,,,,,,,
0,Case Entry,2,2a,Was the phone number documented in the entry?,,,,,,,,,,,,,,
0,Case Entry,,3,"Okay, tell me exactly what happened.",,,,,,,,,,,,,,
0,Case Entry,3,FT1,Fast Track Used?,,Used Correctly,Boolean,,,,,,,ECHO,"7, 9, 14",,,
0,Case Entry,3,3a,Are you with the patient now?,,,,,,,,,Not Obvious,,,,,
0,Case Entry,3,3b,How many people are hurt/sick?,other,,,,,Yes,,,Not Obvious,,,,,
0,Case Entry,3,3c,Is s/he breathing or coughing at all?,,,,,,,,,Choking,,,,,
0,Case Entry,,4,How old is the patient?,,,,,,,,,,,,,,
0,Case Entry,4,4a,"Tell me approximately, then.",,If patient age unsure,Boolean/Trigger,,,Yes,,,(Unsure) patient age → ask 4a,,,,,
0,Case Entry,,5,Is s/he awake?,conscious,,,,,Yes,Macro:Agonal,,Word ‘conscious’ is allowed only if word ‘awake’ used first,,,,,
0,Case Entry,,6,Is s/he breathing?,,,,,,,Macro:Agonal,,,,,,,
0,Case Entry,6,6a,You go check and tell me what you find.,,Caller hasn’t checked (2nd party),Boolean/Trigger,,,,Macro:Agonal,,,,,,,
0,Case Entry,,7,Awake and breathing asks separately?,,,,,,,,,Quality check: verify dispatcher asked separately,,,,,
0,Case Entry,,8,Were all questions asked in order?,,,,,,,,,Protocol adherence check,,,,,
1,Abdominal Pain / Problems,,1,Is s/he completely alert?,responding appropiately?,,,,,Yes,,,,,,,,
1,Abdominal Pain / Problems,,2,Has s/he ever been diagnosed w/ aortic aneurysm?,,F>50 / M>50,Age,51,51,,,,,,,,,
1,Abdominal Pain / Problems,2,2a,Ask her/him to describe the pain,,Q2 = No,Boolean,,,Yes,,,,,,,,
1,Abdominal Pain / Problems,,3,Did s/he faint or nearly faint?,pass out,F>12 / M>50,Age,13,51,Yes,,,,,,,,
1,Abdominal Pain / Problems,,4,Is her/his pain above the belly button?,navel,F>45 / M>35,Age,46,36,Yes,,,,,,,,
1,Abdominal Pain / Problems,,5,Were all key questions asked in order?,,,,,,,,,Protocol adherence check,,,,,
2,Allergies / Envenomations,,1,Where is the snake now?,snakebite,,,,,,Macro:P eppi,,,,,,,
2,Allergies / Envenomations,,2,Is s/he completely alert?,responding appropiately?,,,,,,,,,,,,,
2,Allergies / Envenomations,,3,Does s/he have difficulty breathing or swallowing?,,,,,,,,,,,,,,
2,Allergies / Envenomations,,3a,Does s/he have difficulty speaking?,,Q3 = Yes AND Q2 = Alert,Boolean,,,,,,,,,,,
2,Allergies / Envenomations,,4,Has s/he ever had a severe allergic reaction before?,Allergy,,,,,,,,,,,,,
2,Allergies / Envenomations,4,4a,Does s/he have any specific injections or meds for this?,,Q4 = Yes,Boolean,,,,,,,,,,,
2,Allergies / Envenomations,4a,4ai,Have they been used?,,Q4a = Yes,Boolean,,,,,,,,,,,
2,Allergies / Envenomations,4ai,4aii,Tell him/her to use them now?,,Q4ai = No,Boolean,,,,,,,,,,,
2,Allergies / Envenomations,,5,Were all key questions asked in order?,,,,,,,,,Protocol adherence check,,,,,
3,Animal Bites/ Attacks,,1,What kind of animal is it?,,,,,,,,,,,,,,
3,Animal Bites/ Attacks,,2,Where is the animal now?,,,,,,,,,,,,,,
3,Animal Bites/ Attacks,,3,Is there any SERIOUS bleeding?,"spurting, pouring",,,,,Yes,,,,,,,,
3,Animal Bites/ Attacks,,4,Is s/he completely alert?,responding appropiately?,,,,,Yes,,,,,,,,
3,Animal Bites/ Attacks,,5,What part of the body was injured/bitten?,,,,,,,,,,,,,,
3,Animal Bites/ Attacks,5,5a,Is s/he having any difficulty breathing?,,Q5 = Chest OR Q5 = Neck,,,,,,,,,,,,
3,Animal Bites/ Attacks,,6,What kind of injuries does s/he have?,,,,,,,,,,,,,,
3,Animal Bites/ Attacks,,7,When did this happen?,,,,,,,,,,,,,,
3,Animal Bites/ Attacks,,8,Were all key questions asked in order?,,,,,,,,,Protocol adherence check,,,,,
4,Assault / Sexual Assault / Stun Gun,,1,Is the assailant still nearby?,attacker,,,,,Yes,,,,,,,,
4,Assault / Sexual Assault / Stun Gun,,2,Were weapons involved or mentioned?,,,,,,,,,,,,,,
4,Assault / Sexual Assault / Stun Gun,,3,Is there any SERIOUS bleeding?,"Spurting, pouring",,,,,,,,,,,,,
4,Assault / Sexual Assault / Stun Gun,,4,Is s/he completely alert?,responding appropiately?,,,,,,,,,,,,,
4,Assault / Sexual Assault / Stun Gun,,5,What part of the body was injured?,,,,,,,Macro:ASSAULT,,,,,,,
4,Assault / Sexual Assault / Stun Gun,5,5a,Does s/he have any other injuries?,,,,,,,Macro:SEXUAL ASSAULT,,,,,,,
4,Assault / Sexual Assault / Stun Gun,5a,5b,Is s/he having any difficulty breathing?,,Q5a = Chest OR Q5a = Neck,Trigger,,,,Macro:Agonal,,,,,,,
4,Assault / Sexual Assault / Stun Gun,5b,5c,Is it obviously bent out of shape?,,Q5a = NOT DANGEROUS body area,Trigger,,,,,,,,,,,
4,Assault / Sexual Assault / Stun Gun,,6,When did this happen?,,,,,,,,,,,,,,
4,Assault / Sexual Assault / Stun Gun,,7,Were all key questions asked in order?,,,,,,,,,Protocol adherence check,,,,,
5,Back Pain (Non-Traumatic or Non-Recent Trauma,,1,When did this start?,happen,,,,,,Macro:Shunt,,,,,,,
5,Back Pain (Non-Traumatic or Non-Recent Trauma,,2,What caused the back pain?,,,,,,,,,,,,,,
5,Back Pain (Non-Traumatic or Non-Recent Trauma,,3,Does s/he have difficulty breathing?,,,,,,,,,,,,,,
5,Back Pain (Non-Traumatic or Non-Recent Trauma,,4,Does s/he also have chest pain or chest discomfort?,,F>45 / M>35,Age,46,36,,,,,,,,,
5,Back Pain (Non-Traumatic or Non-Recent Trauma,,5,Is s/he completely alert?,responding appropiately?,,,,,,,,,,,,,
5,Back Pain (Non-Traumatic or Non-Recent Trauma,,6,Has s/he ever been diagnosed with an aortic aneurysm?,,F>50 / M>50,Age,51,51,,,,,,,,,
5,Back Pain (Non-Traumatic or Non-Recent Trauma,6,6a,Ask her/him to describe the pain,,Q6=No,Boolean,,,,,,,,,,,
5,Back Pain (Non-Traumatic or Non-Recent Trauma,,7,Did s/he faint or nearly faint?,pass out,F>50 / M>50,Age,51,51,,,,,,,,,
5,Back Pain (Non-Traumatic or Non-Recent Trauma,,8,Were all key questions asked in order?,,,,,,,,,Protocol adherence check,,,,,
6,Breathing Problems,,1,Is s/he completely alert?,responding appropiately?,,,,,,,,,,,,,
6,Breathing Problems,1,1a,Does s/he any difficulty speaking/crying between breaths?,,Q1=Yes,boolean,,,,Macro:Aspirin,EIDS,,,,,,
6,Breathing Problems,,2,Is s/he changing color?,,,,,,,,,Not 1st party,,,,,
6,Breathing Problems,2,2a,Describe the color change?,,Q2=Yes,boolean,,,,,,,,,,,
6,Breathing Problems,,3,Is s/he clammy or having cold sweats?,,,,,,,,,,,,,,
6,Breathing Problems,,4,Does s/he have asthma or other lung problems?,,,,,,,,,,,,,,
6,Breathing Problems,4,4a,Does s/he have a prescribed inhaler?,,Q4=Yes,boolean,,,,,,,,,,,
6,Breathing Problems,4a,4ai,Has s/he used it yet?,,Q4a=Yes,boolean,,,,,,,,,,,
6,Breathing Problems,,5,Does s/he have any special equipment or instructions?,,,,,,,Macro:Trach,,,,,,,
6,Breathing Problems,5,5a,Have they been used?,,Q5=Yes,boolean,,,,,,,,,,,
6,Breathing Problems,,6,Were all key questions asked in order?,,,,,,,,,Protocol adherence check,,,,,
7,Burns (Scalds) / Explosion (Blast),,1,Is anything still burning or smoldering?,,,,,,,,,Suspected,,,,,
7,Burns (Scalds) / Explosion (Blast),,2,Is everyone safe and out of danger?,,,,,,,,,,,,,,
7,Burns (Scalds) / Explosion (Blast),,3,How was s/he burned/injured?,,,,,,,,,,,,,,
7,Burns (Scalds) / Explosion (Blast),,4,Is s/he completely alert?,responding appropiately?,,,,,,,,,,,,,
7,Burns (Scalds) / Explosion (Blast),,5,Is s/he having any difficulty breathing?,,,,,,,,,,,,,,
7,Burns (Scalds) / Explosion (Blast),5,5a,Does s/he have any difficulty speaking/crying between breaths?,,,,,,,,,,,,,,
7,Burns (Scalds) / Explosion (Blast),,6,What parts of the body were burned/injured?,,,,,,,,,,,,,,
7,Burns (Scalds) / Explosion (Blast),,7,When did this happen?,,,,,,,,,,,,,,
7,Burns (Scalds) / Explosion (Blast),,8,Were all key questions asked in order?,,,,,,,,,Protocol adherence check,,,,,
8,Carabon Monoxide / Inhalation / Hazmat / CBRN,,1,Is everyone safe and out of danger?,,,,,,,,,,,,,,
8,Carabon Monoxide / Inhalation / Hazmat / CBRN,,2,What kind of chemicals/fumes or Hazmat is involved?,,,,,,,,,,,,,,
8,Carabon Monoxide / Inhalation / Hazmat / CBRN,,3,Where are the chemicals/fumes coming from?,,,,,,,,,,,,,,
8,Carabon Monoxide / Inhalation / Hazmat / CBRN,,4,Is s/he contaminated with chemicals?,skin contact,,,,,,,,,,,,,
8,Carabon Monoxide / Inhalation / Hazmat / CBRN,,5,Is s/he completely alert?,responding appropiately?,,,,,,,,,,,,,
8,Carabon Monoxide / Inhalation / Hazmat / CBRN,,6,Is s/he having any difficulty breathing?,,,,,,,,,,,,,,
8,Carabon Monoxide / Inhalation / Hazmat / CBRN,6,6a,Does s/he have any difficulty speaking/crying between breaths?,,,,,,,,,,,,,,
8,Carabon Monoxide / Inhalation / Hazmat / CBRN,,7,Were all key questions asked in order?,,,,,,,,,,,,,,
9,Cardiac or Respiratory Arrest / Death,,1,"Tell me please, why does it look like s/he's dead?",,,,,,,Macro:Agonal,,Suspected death,,,,,
9,Cardiac or Respiratory Arrest / Death,1,1a,Do you think s/he is beyond any help?,CPR,,,,,,,,Obvious death,,,,,
9,Cardiac or Respiratory Arrest / Death,1a,1b,Are you certain we should not try to resuscitate him/her?,,,,,,,,,Expected,,,,,
9,Cardiac or Respiratory Arrest / Death,,2,Were all key questions asked in order?,,,,,,,,,,,,,,
10,Chest Pain / Chest Discomfort (Non-Traumatic),,1,Is s/he completely alert?,responding appropiately?,,,,,,Macro:Aspirin,EIDS,,,,,,
10,Chest Pain / Chest Discomfort (Non-Traumatic),,2,Is s/he breathing normally?,,,,,,,,,,,,,,
10,Chest Pain / Chest Discomfort (Non-Traumatic),2,2a,Does s/he have any difficulty speaking/crying?,,Q2=No AND Q2=Alert,trigger,,,,,,,,,,,
10,Chest Pain / Chest Discomfort (Non-Traumatic),,3,Is s/he changing color?,,,,,,,,,Not 1st party,,,,,
10,Chest Pain / Chest Discomfort (Non-Traumatic),3,3a,Describe the color change?,,Q3=Yes,boolean,,,,,,,,,,,
10,Chest Pain / Chest Discomfort (Non-Traumatic),,4,Is s/he clammy or having cold sweats?,,,,,,,,,,,,,,
10,Chest Pain / Chest Discomfort (Non-Traumatic),,5,Has s/he ever had a heart attack or angina?,Heart pains,,,,,,,,,,,,,
10,Chest Pain / Chest Discomfort (Non-Traumatic),,6,Has s/he take any drugs or medications in the past 12 hours?,,,,,,,,,,,,,,
10,Chest Pain / Chest Discomfort (Non-Traumatic),,7,Were all key questions asked in order?,,,,,,,,,Protocol adherence check,,,,,
11,Choking,,1,Is s/he completely alert?,responding appropiately?,,,,,,Macro:D Choke,,,,,,,
11,Choking,,2,Is s/he breathing normally?,,,,,,,,,,,,,,
11,Choking,,3,Is s/he able to talk/cry?,,,,,,,,,Alert & breathing normally,,,,,
11,Choking,,4,What did s/he choke on?,,,,,,,,,,,,,,
11,Choking,,5,Were all key questions asked in order?,,,,,,,,,,,,,,
12,Convulsions / Seizures,,1,Has s/he had more than one seizure in a row?,,,,,,,Macro:Agonal,,,,,,,
12,Convulsions / Seizures,,1a,Was s/he alert between the seizures?,,Q1=Yes,boolean,,,,,,,,,,,
12,Convulsions / Seizures,,2,Is she pregnant?,,F12-50,age,21-50,,,,,,,,,,
12,Convulsions / Seizures,,3,Is s/he diabetic?,,,,,,,,,,,,,,
12,Convulsions / Seizures,,4,Is s/he epileptic?,diagnosed with a seizure disorder,,,,,,,,,,,,,
12,Convulsions / Seizures,,5,Does s/he have a history of STROKE or brain tumor?,,,,,,,,,,,,,,
12,Convulsions / Seizures,,6,Has the jerking stopped yet?,twitching,,,,,,,,Non-FOCAL,,,,,
12,Convulsions / Seizures,6,6a,"Okay, is s/he breathing right now?",,Q6=Yes,boolean,,,,,,,,,,,
12,Convulsions / Seizures,6a,6b,Agonal Breathing Test done,,Q6a=Yes,boolean,,,,,,,,,,,
12,Convulsions / Seizures,,7,Is s/he completely alert?,responding appropiately?,,,,,,,,FOCAL,,,,,
12,Convulsions / Seizures,7,7a,"Okay, is s/he breathing right now?",,Q7=No,boolean,,,,,,,,,,,
12,Convulsions / Seizures,7a,7b,Agonal Breathing Test done,,Q7a=Yes OR Q7a=Unsure,boolean,,,,,,,,,,,
12,Convulsions / Seizures,,8,Were all key questions asked in order?,,,,,,,,,Protocol adherence check,,,,,
13,Diabetic Problems,,1,Is s/he completely alert?,responding appropiately?,,,,,,,EIDS,,,,,,
13,Diabetic Problems,,2,Is s/he behaving normally now?,,,,,,,,,,,,,,
13,Diabetic Problems,,3,Is s/he breathing normally?,,,,,,,,,,,,,,
13,Diabetic Problems,,4,Were all key questions asked in order?,,,,,,,,,Protocol adherence check,,,,,
14,Drowning / Near Drowning / Diving / SCUBA Accident,,1,Where is s/he right now?,,,,,,,Macro:K in Water,,,,,,,
14,Drowning / Near Drowning / Diving / SCUBA Accident,,2,Does s/he have any injuries?,,,,,,,,,,,,,,
14,Drowning / Near Drowning / Diving / SCUBA Accident,,3,Is s/he completely alert?,responding appropiately?,,,,,,,,,,,,,
14,Drowning / Near Drowning / Diving / SCUBA Accident,,4,Is s/he breathing normally?,,,,,,,,,,,,,,
14,Drowning / Near Drowning / Diving / SCUBA Accident,,5,Were all key questions asked in order?,,,,,,,,,,,,,,
15,Electrocution / Lighting,,1,Has the power been turned off?,,,,,,,,,Electrocution,,,,,
15,Electrocution / Lighting,1,1a,Is s/he disconnected from the power?,,Q1=No,boolean,,,,,,,,,,,
15,Electrocution / Lighting,,2,Where is s/he right now?,,,,,,,,,Electrocution,,,,,
15,Electrocution / Lighting,,3,Is anything still on fire?,,,,,,,,,Suspected,,,,,
15,Electrocution / Lighting,,4,Did s/he fall off something when this happened?,,,,,,,,,,,,,,
15,Electrocution / Lighting,4,4a,How far did s/he fall?,,Q4=Yes,boolean,,,,,,,,,,,
15,Electrocution / Lighting,,5,Is s/he completely alert?,responding appropiately?,,,,,,,,,,,,,
15,Electrocution / Lighting,,6,Is s/he breathing normally?,,,,,,,,,,,,,,
15,Electrocution / Lighting,,7,Were all key questions asked in order?,,,,,,,,,Protocol adherence check,,,,,
16,Eye Problems / Injuries,,1,Is s/he completely alert?,responding appropiately?,,,,,,,,,,,,,
16,Eye Problems / Injuries,,2,How did this happen?,,,,,,,,,,,,,,
16,Eye Problems / Injuries,,3,Is the eyeball cut open or is fluid leaking out of it?,,,,,,,,,Trauma,,,,,
16,Eye Problems / Injuries,,4,Were all key questions asked in order?,,,,,,,,,Protocol adherence check,,,,,
17,Falls,,1,How far did s/he fall?,,,,,,,Macro:Shunt,,,,,,,
17,Falls,,2,What caused the fall?,,,,,,,,,,,,,,
17,Falls,,3,Is there any SERIOUS bleeding?,"spurting, pouring",,,,,,,,,,,,,
17,Falls,,4,Is s/he completely alert?,responding appropiately?,,,,,,,,,,,,,
17,Falls,,5,What part of the body was injured?,,,,,,,,,,,,,,
17,Falls,5,5a,Is s/he having any difficulty breathing?,,Q5a = Chest OR Q5a = Neck,Trigger,,,,,,,,,,,
17,Falls,5a,5b,Is it obviously bent out of shape?,,Q5a = NOT DANGEROUS body area,Trigger,,,,,,,,,,,
17,Falls,,6,When did this happen?,,,,,,,,,,,,,,
17,Falls,,7,Is s/he still on the floor/ground?,,<10ft or Unknown,Trigger,,,,,,,,,,,
17,Falls,,8,Were all key questions asked in order?,,,,,,,,,,,,,,
18,Headache,,1,Is s/he completely alert?,responding appropiately?,,,,,,Macro:Stroke,,,,,,,
18,Headache,,2,Is s/he breathing normally?,,,,,,,,EIDS,,,,,,
18,Headache,,3,Is s/he able to talk normally?,,,,,,,,,,,,,,
18,Headache,,4,Was there a sudden onset of severe pain?,,,,,,,,,,,,,,
18,Headache,,5,Does s/he have any numbness or paralysis?,,,,,,,,,,,,,,
18,Headache,,6,Has s/he had a recent change in behavior?,,,,,,,,,,,,,,
18,Headache,,7,Exactly when did these symptoms start?,problems,,,,,,Macro:Stroke,STROKE,,,,,,
18,Headache,7,7a,When was the last time s/he was seen to be normal?,,Q7=Unknown,Trigger,,,,,,,,,,,
18,Headache,,8,Stroke Diagnostic completed?,,,,,,,,,STROKE Symptoms identified,,,,,
18,Headache,,9,Were all key questions asked in order?,,,,,,,,,Protocol adherence check,,,,,
19,Heart Problems / A.I.C.D.,,1,Is s/he completely alert?,responding appropiately?,,,,,,Macro:Pulse Macro:Aspirin,,,,,,,
19,Heart Problems / A.I.C.D.,,2,Is s/he breathing normally?,,,,,,,,,,,,,,
19,Heart Problems / A.I.C.D.,2,2a,Does s/he have difficulty speaking/crying between breaths?,,Q2=No OR Q2=Alt,Trigger,,,,,,,,,,,
19,Heart Problems / A.I.C.D.,,3,Is s/he changing color?,,,,,,,,,Not 1st party,,,,,
19,Heart Problems / A.I.C.D.,3,3a,Describe the color change?,,Q3=Yes,Boolean,,,,,,,,,,,
19,Heart Problems / A.I.C.D.,,4,Is s/he clammy or having cold sweats?,,,,,,,,,,,,,,
19,Heart Problems / A.I.C.D.,,5,Does s/he have a history of heart problems?,,,,,,,,,,,,,,
19,Heart Problems / A.I.C.D.,5,5a,Did it fire in the last 30 Mins?,go off,Q5=A.I.C.D,Trigger,,,,,,,,,,,
19,Heart Problems / A.I.C.D.,,6,Does s/he have chest pain or chest discomfort?,,,,,,,,,,,,,,
19,Heart Problems / A.I.C.D.,,7,Did s/he take any drugs or medications in the past 12 hours?,,,,,,,,,,,,,,
19,Heart Problems / A.I.C.D.,,8,I'm going to tell you how to check her/his pulse.,,,,,,,,,,,,,,
19,Heart Problems / A.I.C.D.,,9,Were all key questions asked in order?,,,,,,,,,Protocol adherence check,,,,,
20,Heat / Cold Exposure,,1,Does s/he have chest pain or chest discomfort?,,F>35/M>35,Age,36,36,,Macro:Shunt,,,,,,,
20,Heat / Cold Exposure,,2,Is s/he completely alert?,responding appropiately?,,,,,,,,,,,,,
20,Heat / Cold Exposure,,3,Has s/he ever had a heart attack or angina?,Heart pains,,,,,,,,,,,,,
20,Heat / Cold Exposure,,4,Does s/he have a change in skin color?,,,,,,,,,Not 1st party,,,,,
20,Heat / Cold Exposure,,5,What is her/his skin temp?,,,,,,,,,,,,,,
20,Heat / Cold Exposure,,6,Were all key questions asked in order?,,,,,,,,,Protocol adherence check,,,,,
21,Hemorrhage / Lacerations,,1,Where is s/he bleeding from?,,,,,,,"Macro: Bleeding Control, Macro: Shunt",EIDS,,,,,,
21,Hemorrhage / Lacerations,,2,Is s/he completely alert?,responding appropiately?,,,,,,,,,,,,,
21,Hemorrhage / Lacerations,,3,Is s/he breathing normally?,,,,,,,,,,,,,,
21,Hemorrhage / Lacerations,,4,Is the blood spurting or pouring out?,,,,,,,,,Trauma,,,,,
21,Hemorrhage / Lacerations,4,4a,Is the bleeding SERIOUS?,,,,,,,,,Medical,,,,,
21,Hemorrhage / Lacerations,,5,Does s/he have a bleeding disorder or is s/he on blood thinners,,,,,,,,,,,,,,
21,Hemorrhage / Lacerations,,6,Were all key questions asked in order?,,,,,,,,,,,,,,
22,Inaccessible Incident / Other Entrapments (Non-Traffic),,1,Does the incident involve the release of any hazmat?,,,,,,,Macro: Shunt,,,,,,,
22,Inaccessible Incident / Other Entrapments (Non-Traffic),,2,Is s/he still trapped?,,,,,,,,,,,,,,
22,Inaccessible Incident / Other Entrapments (Non-Traffic),2,2a,Are there any obvious injuries?,,Q2=No,Boolean,,,,,,,,,,,
22,Inaccessible Incident / Other Entrapments (Non-Traffic),2a,2b,What part of the body is trapped?,,Q2a=Yes,Boolean,,,,,,,,,,,
22,Inaccessible Incident / Other Entrapments (Non-Traffic),,3,Where exactly is s/he?,,,,,,,,,,,,,,
22,Inaccessible Incident / Other Entrapments (Non-Traffic),3,3a,Where was s/he last seen?,,Q3=unknown,Trigger,,,,,,,,,,,
22,Inaccessible Incident / Other Entrapments (Non-Traffic),3,3b,What is her/his approx. distance from the ground?,,Q3=above OR Q3=below,Trigger,,,,,,,,,,,
22,Inaccessible Incident / Other Entrapments (Non-Traffic),,4,Is the immediate area dangerous or hazardous?,,,,,,,,,,,,,,
22,Inaccessible Incident / Other Entrapments (Non-Traffic),,5,Will we have any problems easily reaching him/her?,,,,,,,,,,,,,,
22,Inaccessible Incident / Other Entrapments (Non-Traffic),5,5a,What problems will we have?,,Q5=Yes,Boolean,,,,,,,,,,,
22,Inaccessible Incident / Other Entrapments (Non-Traffic),,6,Were all key questions asked in order?,,,,,,,,,Protocol adherence check,,,,,
23,Overdose / Poisoning (Ingestion),,1,Was this accidental or intentional?,,,,,,,Macro: Narcan N Macro: Narcan I,,Appropiate,,,,,
23,Overdose / Poisoning (Ingestion),,2,Is s/he violent?,,F>8/M>8,Age,9,9,,,,Suspected,,,,,
23,Overdose / Poisoning (Ingestion),,3,Does s/he have a weapon?,,,,,,,,,OVERDOSE,,,,,
23,Overdose / Poisoning (Ingestion),,4,Is s/he changing color?,,,,,,,,,Not 1st party,,,,,
23,Overdose / Poisoning (Ingestion),4,4a,Describe the color change.,,Q4=Yes,Boolean,,,,,,,,,,,
23,Overdose / Poisoning (Ingestion),,5,Is s/he completely alert?,responding appropiately?,,,,,,,,,,,,,
23,Overdose / Poisoning (Ingestion),,6,Is s/he breathing normally?,,,,,,,,,,,,,,
23,Overdose / Poisoning (Ingestion),,7,What did s/he take?,,,,,,,,,,,,,,
23,Overdose / Poisoning (Ingestion),,8,When did s/he take it?,,,,,,,,,,,,,,
23,Overdose / Poisoning (Ingestion),,9,Were all key questions asked in order?,,,,,,,,,Protocol adherence check,,,,,
24,Pregnancy / Childbirth / Miscarriage,,1,How many weeks pregnant is she?,months,,,,,,Macro: G Miscarriage Macro: F Childbirth,,,,,,,
24,Pregnancy / Childbirth / Miscarriage,,2,Can you see any part of the baby now?,"feel, touch",>6M/24Wks,,>6M/24Wks,>6M/24Wks,,,,,,,,,
24,Pregnancy / Childbirth / Miscarriage,,3,Is she having contractions?,labor pains,>6M/24Wks,,>6M/24Wks,>6M/24Wks,,,,,,,,,
24,Pregnancy / Childbirth / Miscarriage,3,3a,Is this her first delivery?,,Q3=Yes,Boolean,,,,,,,,,,,
24,Pregnancy / Childbirth / Miscarriage,3a,3b,How many minutes apart are the contractions?,labor pains,Q3a=Yes,,,,,,,,,,,,
24,Pregnancy / Childbirth / Miscarriage,,4,Does she have abdominal pain?,,<6M/24Wks,,<6M/24Wks,<6M/24Wks,,,,,,,,,
24,Pregnancy / Childbirth / Miscarriage,,5,Is there any SERIOUS bleeding?,"spurting, pouring",,,,,,,,,,,,,
24,Pregnancy / Childbirth / Miscarriage,,6,Does she have any HIGH RISK complications?,,,,,,,,,,,,,,
24,Pregnancy / Childbirth / Miscarriage,,7,Were all key questions asked in order?,,,,,,,,,Protocol adherence check,,,,,
25,Psychiatric / Abnormal behavior / Suicide Attempt,,1,Is s/he violent?,,F>8/M>8,Trigger,9,9,,,,Suspected,,,,,
25,Psychiatric / Abnormal behavior / Suicide Attempt,,2,Does s/he have a weapon?,,,,,,,,,,,,,,
25,Psychiatric / Abnormal behavior / Suicide Attempt,,3,Where is s/he right now?,,,,,,,,,,,,,,
25,Psychiatric / Abnormal behavior / Suicide Attempt,,4,Is this a suicide attempt?,,,,,,,,,,,,,,
25,Psychiatric / Abnormal behavior / Suicide Attempt,4,4a,Is s/he thinking about committing suicide?,,Q4=No,Boolean,,,,,,,,,,,
25,Psychiatric / Abnormal behavior / Suicide Attempt,4a,4b,Where is s/he cut?,,,,,,,,,Laceration,,,,,
25,Psychiatric / Abnormal behavior / Suicide Attempt,4b,4c,Is there any SERIOUS bleeding?,"spurting, pouring",,,,,,,,Laceration,,,,,
25,Psychiatric / Abnormal behavior / Suicide Attempt,,5,Is s/he completely alert?,responding appropiately?,,,,,,,,,,,,,
25,Psychiatric / Abnormal behavior / Suicide Attempt,5,5a,Does s/he have difficulty breathing?,,,,,,,,,,,,,,
25,Psychiatric / Abnormal behavior / Suicide Attempt,,6,Were all key questions asked in order?,,,,,,,Macro:Shunt,,Protocol adherence check,,,,,
26,Sick Person (Specific Diagnosis),,1,Is s/he completely alert?,responding appropiately?,,,,,,Macro:Stroke Macro:Shunt,EIDS,,,,,,
26,Sick Person (Specific Diagnosis),,2,Is s/he breathing normally?,,,,,,,,,,,,,,
26,Sick Person (Specific Diagnosis),,3,Is s/he bleeding or vomiting blood?,,,,,,,,,,,,,,
26,Sick Person (Specific Diagnosis),,4,Does s/he have any pain?,,,,,,,,,Alert,,,,,
26,Sick Person (Specific Diagnosis),,5,Were all key questions asked in order?,,,,,,,,,Protocol adherence check,,,,,
27,Stab / Gunshot / Penetrating Trauma,,1,Do you think s/he is beyond any help?,,,,,,,Macro:Bleeding Control,,Obvious death,,,,,
27,Stab / Gunshot / Penetrating Trauma,,2,Is the assailant still nearby?,attacker,,,,,,,,,,,,,
27,Stab / Gunshot / Penetrating Trauma,,3,Is there any SERIOUS bleeding?,"spurting, pouring",,,,,,,,,,,,,
27,Stab / Gunshot / Penetrating Trauma,,4,Is s/he completely alert?,responding appropiately?,,,,,,,,,,,,,
27,Stab / Gunshot / Penetrating Trauma,,5,What part of the body was injured?,,,,,,,,,,,,,,
27,Stab / Gunshot / Penetrating Trauma,,6,Is there more than one wound?,,,,,,,,,,,,,,
27,Stab / Gunshot / Penetrating Trauma,,7,When did this happen?,,,,,,,,,,,,,,
27,Stab / Gunshot / Penetrating Trauma,,8,Were all key questions asked in order?,,,,,,,,,,,,,,
28,Stroke (CVA) / Transient Ischemic Attack (TIA),,1,Is s/he completely alert?,responding appropiately?,,,,,,Macro:Stroke,,,,,,,
28,Stroke (CVA) / Transient Ischemic Attack (TIA),,2,Is s/he breathing normally?,,,,,,,,,,,,,,
28,Stroke (CVA) / Transient Ischemic Attack (TIA),,3,Tell me why you think it's a stroke.,,,,,,,,,,,,,,
28,Stroke (CVA) / Transient Ischemic Attack (TIA),3,3a,Stroke Diagnostic used.,,Q3=No STROKE symptoms mentioned,Trigger,,,,,,,,,,,
28,Stroke (CVA) / Transient Ischemic Attack (TIA),,4,Exactly what time did these symptoms start?,problems,,,,,,,,,,,,,
28,Stroke (CVA) / Transient Ischemic Attack (TIA),4,4a,When was the last time s/he was seen to be normal?,,Q4=Unknown,Trigger,,,,,,,,,,,
28,Stroke (CVA) / Transient Ischemic Attack (TIA),,5,Has s/he ever had a STROKE before?,,,,,,,,,,,,,,
28,Stroke (CVA) / Transient Ischemic Attack (TIA),,6,Were all key questions asked in order?,,,,,,,,,Protocol adherence check,,,,,
29,Traffic / Transportation Incidents,,1,Are there any chemicals or other Hazmat involved,,,,,,,Macro: L Veh in Water,,Suspected,,,,,
29,Traffic / Transportation Incidents,,2,Is anyone pinned?,trapped,,,,,,,,,,,,,
29,Traffic / Transportation Incidents,,3,Was anyone thrown from the vehicle?,,,,,,,,,Vehicle Only,,,,,
29,Traffic / Transportation Incidents,,4,Does everyone appear to be completely awake?,alert,,,,,,,,,,,,,
29,Traffic / Transportation Incidents,4,4a,"Okay, is s/he breathing right now?",,Q4=No,Boolean,,,,,,,,,,,
29,Traffic / Transportation Incidents,4a,4ai,Is her/his breathing noisy?,Not normal,Q4a=Yes,Trigger,,,,,,,,,,,
29,Traffic / Transportation Incidents,,5,Are there any obvious injuries?,,,,,,,,,,,,,,
29,Traffic / Transportation Incidents,5,5a,Is there any SERIOUS bleeding?,"spurting, pouring",,,,,,,,,,,,,
29,Traffic / Transportation Incidents,,6,Were all key questions asked in order?,,,,,,,,,Protocol adherence check,,,,,
30,Traumatic Injuries (Specific),,1,Is there any SERIOUS bleeding?,"spurting, pouring",,,,,,Macro:Bleeding Control,,,,,,,
30,Traumatic Injuries (Specific),,2,Is s/he completely alert?,responding appropiately?,,,,,,,,,,,,,
30,Traumatic Injuries (Specific),,3,What part of the body was injured?,,,,,,,,,,,,,,
30,Traumatic Injuries (Specific),3,3a,Is s/he having any difficulty breathing?,,Q3=Chest OR Q3=Neck,Trigger,,,,,,,,,,,
30,Traumatic Injuries (Specific),3,3b,Is it obviously bent out of shape?,,Q3=NOT DANGEROUS body part,Trigger,,,,,,,,,,,
30,Traumatic Injuries (Specific),,4,Have the parts been found?,,,,,,,,,Amputation,,,,,
30,Traumatic Injuries (Specific),,5,When did this happen?,,,,,,,,,,,,,,
30,Traumatic Injuries (Specific),,6,Were all key questions asked in order?,,,,,,,,,Protocol adherence check,,,,,
31,Unconscious / Fainting (Near),,1,Is her/his breathing completely normal?,,,,,,,Macro:Agonal,,,,,,,
31,Unconscious / Fainting (Near),,1a,Agonal Breathing Test done?,,Q1=No AND Q1=Uncon,Trigger,,,,,,,,,,,
31,Unconscious / Fainting (Near),,2,Is s/he still unconscious?,,,,,,,,,Initially uncon,,,,,
31,Unconscious / Fainting (Near),,3,Is s/he completely alert?,responding appropiately?,,,,,,,,Conscious,,,,,
31,Unconscious / Fainting (Near),3,3a,Is s/he changing color?,,,,,,,,,Not 1st party,,,,,
31,Unconscious / Fainting (Near),3a,3ai,Describe the color change.,,Q3a=Yes,Boolean,,,,,,,,,,,
31,Unconscious / Fainting (Near),3ai,3b,Does s/he have a history of heart problems?,,,,,,,,,,,,,,
31,Unconscious / Fainting (Near),3b,3c,Does she have abdominal pain?,,F12-50,,1950-12-01 00:00:00,,,,,,,,,,
31,Unconscious / Fainting (Near),,4,Were all key questions asked in order?,,,,,,,,,Protocol adherence check,,,,,
32,Unknown Problem (Person Down),,1,Does s/he appear to be completely awake?,alert,,,,,,,,,,,,,
32,Unknown Problem (Person Down),,2,Did you ever hear her/him talk/cry?,,,,,,,,,,,,,,
32,Unknown Problem (Person Down),,3,"What is s/he doing - standing, sitting or lying down?",,,,,,,,,,,,,,
32,Unknown Problem (Person Down),3,3a,Is s/he moving at all?,,Q3=Sitting OR Q3=Lying,Trigger,,,,,,,,,,,
32,Unknown Problem (Person Down),,4,Where exactly is s/he?,,,,,,,,,,,,,,
32,Unknown Problem (Person Down),,5,Were all key questions asked in order?,,,,,,,,,Protocol adherence check,,,,,
33,Tranfer / Interfacility / Palliative Care,,1,Is this call a result of an evaluation by a nurse or doctor?,,,,,,,,,,,,,,
33,Tranfer / Interfacility / Palliative Care,,2,Is s/he completely alert?,responding appropiately?,,,,,,,,,,,,,
33,Tranfer / Interfacility / Palliative Care,,2a,Is this a sudden/unexpected change in their usual condition?,,Q2=No,Boolean,,,,,,,,,,,
33,Tranfer / Interfacility / Palliative Care,,3,Is s/he breathing normally?,,,,,,,,,,,,,,
33,Tranfer / Interfacility / Palliative Care,,3a,Is this a sudden/unexpected change in their usual condition?,,Q3=No,Boolean,,,,,,,,,,,
33,Tranfer / Interfacility / Palliative Care,,4,Does s/he have any significant bleeding?,,,,,,,,,,,,,,
33,Tranfer / Interfacility / Palliative Care,,5,Does s/he have any shock symptoms?,,,,,,,,,,,,,,
33,Tranfer / Interfacility / Palliative Care,,6,Is s/he in severe pain?,,,,,,,,,,,,,,
33,Tranfer / Interfacility / Palliative Care,,6a,Could this be a MI?,Heart attack,Q6=Chest pain,Trigger,,,,,,,,,,,
33,Tranfer / Interfacility / Palliative Care,,7,Will any special equipment be necessary?,,,,,,,,,,,,,,
33,Tranfer / Interfacility / Palliative Care,,8,Will additional personnel be necessary?,,,,,,,,,,,,,,
33,Tranfer / Interfacility / Palliative Care,,8a,What type of Personnel is required?,,Q8=Yes,Boolean,,,,,,,,,,,
33,Tranfer / Interfacility / Palliative Care,,9,What's the name of the referring doctor?,,,,,,,,,Appropiate,,,,,
33,Tranfer / Interfacility / Palliative Care,,10,What's the name of the responsible RN?,nurse,,,,,,,,Appropiate,,,,,
33,Tranfer / Interfacility / Palliative Care,,11,What's the name of the patient?,,,,,,,,,,,,,,
33,Tranfer / Interfacility / Palliative Care,,12,What's your fax number?,,,,,,,,,,,,,,
33,Tranfer / Interfacility / Palliative Care,,13,Were all key questions asked in order?,,,,,,,,,,,,,,
